Problem Name,Ground-truth,Number of Thread
Thread-safe mutable integer holder.,"/**
* A thread-safe integer wrapper using synchronized methods.
*/
public class LLMC {
private int value;

public LLMC(int initialValue) {
this.value = initialValue;
}

public LLMC() {
this(0);
}

public synchronized int get() {
return value;
}

public synchronized void set(int value) {
this.value = value;
}

public synchronized int increment() {
return ++value;
}

public static void main(String[] args) throws InterruptedException {
LLMC counter = new LLMC();

final int NUM_THREADS = 2;
final int INCREMENTS_PER_THREAD = 2;

Thread[] threads = new Thread[NUM_THREADS];

for (int i = 0; i < NUM_THREADS; i++) {
threads[i] = new Thread(() -> {
for (int j = 0; j < INCREMENTS_PER_THREAD; j++) {
counter.increment();
}
});
threads[i].start();
}

for (Thread t : threads) {
t.join();
}

System.out.println(""Final counter value: "" + counter.get());
System.out.println(""Expected value: "" + (NUM_THREADS * INCREMENTS_PER_THREAD));
}
}",3
Counting sheep.,"public class CountingSheep {
volatile boolean asleep;

void tryToSleep() {
while (!asleep) {
countSomeSheep();
}
}

void countSomeSheep() {
System.out.println(""Counting sheep..."");
try {
Thread.sleep(100); // shorter sleep for faster termination
} catch (InterruptedException e) {
Thread.currentThread().interrupt();
}
}

public static void main(String[] args) {
CountingSheep counter = new CountingSheep();

Thread sheepThread = new Thread(() -> {
System.out.println(""Sheep is trying to sleep..."");
counter.tryToSleep();
System.out.println(""Sheep has fallen asleep."");
});

Thread controllerThread = new Thread(() -> {
try {
Thread.sleep(200); // shorter wait before sleeping
System.out.println(""Setting asleep = true"");
counter.asleep = true;
} catch (InterruptedException e) {
Thread.currentThread().interrupt();
}
});

sheepThread.start();
controllerThread.start();

try {
sheepThread.join();
controllerThread.join();
} catch (InterruptedException e) {
Thread.currentThread().interrupt();
}

System.out.println(""Main thread finished."");
}
}",3
Publishing an object.,"import java.util.*;
import java.util.concurrent.ConcurrentHashMap;

class Secrets {
private static final Set<Secret> knownSecrets = ConcurrentHashMap.newKeySet();

public static Set<Secret> getKnownSecrets() {
return knownSecrets;
}
}

class Secret {
private final String content;

public Secret(String content) {
this.content = content;
}

@Override
public String toString() {
return ""Secret{"" +
""content='"" + content + '\'' +
'}';
}
}

public class SecretsMain {

public static void main(String[] args) throws InterruptedException {
Thread t1 = new Thread(() -> {
Secret secret = new Secret(""secret-1"");
Secrets.getKnownSecrets().add(secret);
System.out.println(Thread.currentThread().getName() + "" added: "" + secret);
});

Thread t2 = new Thread(() -> {
Secret secret = new Secret(""secret-2"");
Secrets.getKnownSecrets().add(secret);
System.out.println(Thread.currentThread().getName() + "" added: "" + secret);
});

t1.start();
t2.start();

t1.join();
t2.join();

System.out.println(""All secrets:"");
for (Secret secret : Secrets.getKnownSecrets()) {
System.out.println(secret);
}

System.out.println(""Program finished."");
}
}",3
Using a factory method to prevent the this reference from escaping during construction.,"import java.util.concurrent.CopyOnWriteArrayList;

public class SafeListener {
private SafeListener(EventSource source) {
source.registerListener(new EventListener() {
@Override
public void onEvent(Event e) {
doSomething();
}
});
}

public static SafeListener newInstance(EventSource source) {
return new SafeListener(source);
}

private synchronized void doSomething() {
System.out.println(""SafeListener is doing something."");
}

public static void main(String[] args) throws InterruptedException {
EventSource source = new EventSource();

SafeListener listener = SafeListener.newInstance(source);

Thread eventThread = new Thread(() -> {
for (int i = 0; i < 3; i++) {
source.fireEvent(new Event() {});
try {
Thread.sleep(100);
} catch (InterruptedException e) {
Thread.currentThread().interrupt();
}
}
});

eventThread.start();
eventThread.join();
}
}

class EventSource {
private final CopyOnWriteArrayList<EventListener> listeners = new CopyOnWriteArrayList<>();

public void registerListener(EventListener listener) {
listeners.add(listener);
}

public void fireEvent(Event event) {
for (EventListener listener : listeners) {
listener.onEvent(event);
}
}
}

interface EventListener {
void onEvent(Event e);
}

interface Event {}",2
Thread confinement of local primitive and reference variables.,"import java.util.*;
import java.util.concurrent.ExecutorService;
import java.util.concurrent.Executors;

public class Animals {
private final Ark ark;

public Animals() {
this.ark = new Ark();
}

public int loadTheArk(Collection<Animal> candidates) {
SortedSet<Animal> animals;
int numPairs = 0;
Animal candidate = null;

animals = new TreeSet<>(new SpeciesGenderComparator());
animals.addAll(candidates);
for (Animal a : animals) {
if (candidate == null || !candidate.isPotentialMate(a)) {
candidate = a;
} else {
ark.load(new AnimalPair(candidate, a));
++numPairs;
candidate = null;
}
}
return numPairs;
}

public static void main(String[] args) throws InterruptedException {
Animals animalsApp = new Animals();

Collection<Animal> group1 = createSampleAnimals(4);
Collection<Animal> group2 = createSampleAnimals(4);

ExecutorService executor = Executors.newFixedThreadPool(2);

executor.submit(() -> {
int pairs = animalsApp.loadTheArk(group1);
System.out.println(Thread.currentThread().getName() + "" loaded "" + pairs + "" pairs."");
});

executor.submit(() -> {
int pairs = animalsApp.loadTheArk(group2);
System.out.println(Thread.currentThread().getName() + "" loaded "" + pairs + "" pairs."");
});

executor.shutdown();
}

private static Collection<Animal> createSampleAnimals(int count) {
List<Animal> list = new ArrayList<>();
Random rand = new Random();
Species[] speciesArray = Species.values();
Gender[] genders = Gender.values();

for (int i = 0; i < count; i++) {
Animal animal = new Animal();
animal.species = speciesArray[rand.nextInt(speciesArray.length)];
animal.gender = genders[rand.nextInt(genders.length)];
list.add(animal);
}

return list;
}

static class Animal {
Species species;
Gender gender;

public boolean isPotentialMate(Animal other) {
return species == other.species && gender != other.gender;
}
}

enum Species {
AARDVARK, BENGAL_TIGER, CARIBOU, DINGO
}

enum Gender {
MALE, FEMALE
}

static class AnimalPair {
private final Animal one, two;

public AnimalPair(Animal one, Animal two) {
this.one = one;
this.two = two;
}
}

static class SpeciesGenderComparator implements Comparator<Animal> {
public int compare(Animal one, Animal two) {
int speciesCompare = one.species.compareTo(two.species);
return (speciesCompare != 0)
? speciesCompare
: one.gender.compareTo(two.gender);
}
}

static class Ark {
private final Set<AnimalPair> loadedAnimals = Collections.synchronizedSet(new HashSet<>());

public void load(AnimalPair pair) {
loadedAnimals.add(pair);
System.out.println(Thread.currentThread().getName() + "" loaded a pair: "" + pair.hashCode());
}
}
}",3
Immutable class built out of mutable underlying objects.,"import java.util.*;

/**
* ThreeStooges
*
* A truly immutable class using an unmodifiable set,
* suitable for safe concurrent access and model checking with JPF.
*/
public final class ThreeStooges {
private final Set<String> stooges;

public ThreeStooges() {
Set<String> temp = new HashSet<>();
temp.add(""Moe"");
temp.add(""Larry"");
temp.add(""Curly"");
this.stooges = Collections.unmodifiableSet(temp);
}

public boolean isStooge(String name) {
return stooges.contains(name);
}

public String getStoogeNames() {
// This method returns a string representation of the stooge names
return new ArrayList<>(stooges).toString();
}

public static void main(String[] args) throws InterruptedException {
ThreeStooges threeStooges = new ThreeStooges();

Thread t1 = new Thread(() -> {
String[] names = {""Moe"", ""Larry"", ""Curly"", ""Shemp""};
for (String name : names) {
boolean result = threeStooges.isStooge(name);
System.out.println(""Thread-1: isStooge("" + name + "") = "" + result);
}
System.out.println(""Thread-1: Stooge names: "" + threeStooges.getStoogeNames());
});

Thread t2 = new Thread(() -> {
String[] names = {""Moe"", ""Larry"", ""Curly"", ""Shemp""};
for (String name : names) {
boolean result = threeStooges.isStooge(name);
System.out.println(""Thread-2: isStooge("" + name + "") = "" + result);
}
System.out.println(""Thread-2: Stooge names: "" + threeStooges.getStoogeNames());
});

t1.start();
t2.start();

t1.join();
t2.join();

System.out.println(""All threads have finished execution."");
}
}",3
Immutable holder for caching a number and its factors.,"import java.math.BigInteger;
import java.util.Arrays;
import java.util.ArrayList;
import java.util.List;

/**
* Immutable cache storing one number and its factors.
*/
final class OneValueCache {
private final BigInteger lastNumber;
private final BigInteger[] lastFactors;

public OneValueCache(BigInteger i, BigInteger[] factors) {
this.lastNumber = i;
if (factors != null) {
this.lastFactors = Arrays.copyOf(factors, factors.length);
} else {
this.lastFactors = null;
}
}

public BigInteger[] getFactors(BigInteger i) {
if (lastNumber == null || !lastNumber.equals(i)) {
return null;
}
if (lastFactors == null) {
return null;
}
return Arrays.copyOf(lastFactors, lastFactors.length);
}
}

/**
* A factorizer with synchronized cache access.
* Avoids using volatile or thread pool to remain JPF-compatible.
*/
public class FactorizerWithCache {
private static OneValueCache cache = new OneValueCache(null, null);

public static BigInteger[] factor(BigInteger n) {
List<BigInteger> factors = new ArrayList<>();
BigInteger i = BigInteger.valueOf(2);

while (i.multiply(i).compareTo(n) <= 0) {
while (n.mod(i).equals(BigInteger.ZERO)) {
factors.add(i);
n = n.divide(i);
}
i = i.add(BigInteger.ONE);
}

if (n.compareTo(BigInteger.ONE) > 0) {
factors.add(n);
}

return factors.toArray(new BigInteger[0]);
}

public static void handleRequest(BigInteger number, int threadId) {
BigInteger[] cachedFactors;

synchronized (FactorizerWithCache.class) {
cachedFactors = cache.getFactors(number);

if (cachedFactors == null) {
System.out.println(""Thread "" + threadId + "": Cache miss for "" + number + "", computing..."");
BigInteger[] factors = factor(number);
cache = new OneValueCache(number, factors);
cachedFactors = cache.getFactors(number);
} else {
System.out.println(""Thread "" + threadId + "": Cache hit for "" + number);
}
}

System.out.print(""Thread "" + threadId + "": Factors of "" + number + "" are "");
System.out.println(Arrays.toString(cachedFactors));
}

public static void main(String[] args) throws InterruptedException {
BigInteger numberToFactor = new BigInteger(""100"");

Thread t1 = new Thread(() -> handleRequest(numberToFactor, 1));
Thread t2 = new Thread(() -> handleRequest(numberToFactor, 2));

t1.start();
t2.start();

t1.join();
t2.join();

System.out.println(""All threads have finished execution."");
}
}",3
Caching the last result using a volatile reference to an immutable holder object.,"import java.math.BigInteger;

public class VolatileCachedFactorizer {

private volatile OneValueCache cache = new OneValueCache(null, null);

public void service(BigInteger input) {
BigInteger[] factors = cache.getFactors(input);
if (factors == null) {
factors = factor(input);
cache = new OneValueCache(input, factors);
System.out.println(Thread.currentThread().getName() + "": computed and cached "" + input);
} else {
System.out.println(Thread.currentThread().getName() + "": cache hit for "" + input);
}
encodeIntoResponse(factors);
}

void encodeIntoResponse(BigInteger[] factors) {
System.out.println(Thread.currentThread().getName() + "": response = "" + factors[0]);
}

BigInteger[] factor(BigInteger i) {
return new BigInteger[]{i};
}

private static final class OneValueCache {
private final BigInteger lastNumber;
private final BigInteger[] lastFactors;

public OneValueCache(BigInteger number, BigInteger[] factors) {
this.lastNumber = number;
this.lastFactors = (factors == null) ? null : factors.clone();
}

public BigInteger[] getFactors(BigInteger input) {
if (lastNumber == null || !lastNumber.equals(input)) {
return null;
}
return lastFactors.clone();
}
}

public static void main(String[] args) {
final VolatileCachedFactorizer servlet = new VolatileCachedFactorizer();

Thread t1 = new Thread(() -> servlet.service(new BigInteger(""3"")), ""T1"");
Thread t2 = new Thread(() -> servlet.service(new BigInteger(""5"")), ""T2"");

t1.start();
t2.start();

try {
t1.join();
t2.join();
} catch (InterruptedException e) {
System.out.println(""Interrupted"");
}
}
}",3
Using confinement to ensure thread safety.,"import java.util.*;

/**
* PersonSet
*
* A thread-safe set using synchronized methods,
* adapted to be compatible with Java Pathfinder (JPF).
*/
public class PersonSet {
private final Set<Person> mySet = new HashSet<>();

public synchronized void addPerson(Person p) {
mySet.add(p);
}

public synchronized boolean containsPerson(Person p) {
return mySet.contains(p);
}

public interface Person {
String getName();
}

public static class SimplePerson implements Person {
private final String name;

public SimplePerson(String name) {
this.name = name;
}

@Override
public String getName() {
return name;
}

@Override
public boolean equals(Object o) {
if (this == o) return true;
if (!(o instanceof SimplePerson)) return false;
SimplePerson that = (SimplePerson) o;
return Objects.equals(name, that.name);
}

@Override
public int hashCode() {
return Objects.hash(name);
}

@Override
public String toString() {
return ""Person{name='"" + name + ""'}"";
}
}

public static void main(String[] args) throws InterruptedException {
PersonSet personSet = new PersonSet();

Thread t1 = new Thread(() -> {
Person p = new SimplePerson(""Alice"");
personSet.addPerson(p);
System.out.println(Thread.currentThread().getName() + "" added: "" + p);
});

Thread t2 = new Thread(() -> {
Person p = new SimplePerson(""Bob"");
personSet.addPerson(p);
System.out.println(Thread.currentThread().getName() + "" added: "" + p);
});

t1.start();
t2.start();

t1.join();
t2.join();

List<String> checkNames = Arrays.asList(""Alice"", ""Frank"");
for (String name : checkNames) {
Person p = new SimplePerson(name);
System.out.println(p.getName() + "" is in set? "" + personSet.containsPerson(p));
}

System.out.println(""Program completed."");
}
}",3
Guarding state with a private lock.,"/**
* PrivateLock
* Guarding state with a private lock.
* Rewritten to use explicit threads for JPF compatibility.
*/
public class PrivateLock {
private final Object myLock = new Object();
private Widget widget;

public void someMethod() {
synchronized (myLock) {
if (widget == null) {
System.out.println(Thread.currentThread().getName() + "" initializing widget."");
widget = new Widget();
}
widget.doSomething();
}
}

static class Widget {
void doSomething() {
System.out.println(Thread.currentThread().getName() + "" is doing something with widget."");
}
}

public static void main(String[] args) throws InterruptedException {
PrivateLock privateLock = new PrivateLock();

Thread t1 = new Thread(privateLock::someMethod);
Thread t2 = new Thread(privateLock::someMethod);

t1.start();
t2.start();

t1.join();
t2.join();

System.out.println(""All threads have finished."");
}
}",3
Immutable Point class used by DelegatingVehicleTracker.,"/**
* Demonstrates creating Points in parallel threads without using ExecutorService.
*/
class Point {
public final int x, y;

public Point(int x, int y) {
this.x = x;
this.y = y;
}

@Override
public String toString() {
return ""Point{"" +
""x="" + x +
"", y="" + y +
'}';
}
}

public class Main {
public static void main(String[] args) throws InterruptedException {
Thread[] threads = new Thread[5];

for (int i = 1; i <= 5; i++) {
final int taskId = i;
threads[i - 1] = new Thread(() -> {
Point point = new Point(taskId * 10, taskId * 20);
System.out.println(""Task ID: "" + taskId + "", Generated Point: "" + point);
});
}

// Start all threads
for (Thread t : threads) {
t.start();
}

// Wait for all threads to finish
for (Thread t : threads) {
t.join();
}

System.out.println(""All tasks completed."");
}
}",6
Delegating thread safety to a ConcurrentHashMap.,"import java.util.*;
import java.awt.Point;
import java.util.concurrent.ConcurrentHashMap;
import java.util.concurrent.ConcurrentMap;
import java.util.Collections;

/**
* DelegatingVehicleTracker
* Tracks vehicle locations using a thread-safe ConcurrentHashMap.
* Modified to use explicit Threads for JPF compatibility.
*/
public class DelegatingVehicleTracker {
private final ConcurrentMap<String, Point> locations;
private final Map<String, Point> unmodifiableMap;

public DelegatingVehicleTracker(Map<String, Point> points) {
locations = new ConcurrentHashMap<>(points);
unmodifiableMap = Collections.unmodifiableMap(locations);
}

public Map<String, Point> getLocations() {
return unmodifiableMap;
}

public Point getLocation(String id) {
return locations.get(id);
}

public void setLocation(String id, int x, int y) {
if (locations.replace(id, new Point(x, y)) == null)
throw new IllegalArgumentException(""Invalid vehicle ID: "" + id);
}

public Map<String, Point> getLocationsAsStatic() {
return Collections.unmodifiableMap(new HashMap<>(locations));
}

public static void main(String[] args) throws InterruptedException {
Map<String, Point> initialLocations = new HashMap<>();
initialLocations.put(""V1"", new Point(0, 0));
initialLocations.put(""V2"", new Point(10, 10));
initialLocations.put(""V3"", new Point(20, 20));

DelegatingVehicleTracker tracker = new DelegatingVehicleTracker(initialLocations);

// Reduce thread count and iterations to shorten JPF testing time
Thread[] threads = new Thread[2]; // fewer threads

for (int i = 0; i < 2; i++) {
final int threadId = i;
threads[i] = new Thread(() -> {
Random rand = new Random();
for (int j = 0; j < 3; j++) { // fewer iterations
String vehicleId = ""V"" + ((threadId % 3) + 1);
int newX = rand.nextInt(21); // 0 to 20
int newY = rand.nextInt(21); // 0 to 20
System.out.println(""Thread-"" + threadId + "": Setting "" + vehicleId + "" to ("" + newX + "", "" + newY + "")"");
tracker.setLocation(vehicleId, newX, newY);
try {
Thread.sleep(20); // shorter sleep to speed up execution
} catch (InterruptedException e) {
Thread.currentThread().interrupt();
}
}
});
}

for (Thread t : threads) {
t.start();
}

for (Thread t : threads) {
t.join();
}

System.out.println(""\nFinal vehicle locations:"");
for (Map.Entry<String, Point> entry : tracker.getLocations().entrySet()) {
System.out.println(entry.getKey() + "" => "" + entry.getValue());
}
}
}",6
Returning a static copy of the location set instead of a 'live' one.,"import java.awt.Point;
import java.util.*;
import java.util.concurrent.*;

/**
* DelegatingVehicleTracker
* Delegates thread safety to a ConcurrentHashMap.
*/
public class DelegatingVehicleTracker {

private final ConcurrentMap<String, Point> locations;
private final Map<String, Point> unmodifiableMap;

public DelegatingVehicleTracker(Map<String, Point> points) {
locations = new ConcurrentHashMap<>(points);
unmodifiableMap = Collections.unmodifiableMap(locations);
}

public Map<String, Point> getLocations() {
return unmodifiableMap;
}


public void setLocation(String id, int x, int y) {
if (locations.replace(id, new Point(x, y)) == null)
throw new IllegalArgumentException(""Invalid vehicle name: "" + id);
}


public static void main(String[] args) throws InterruptedException {
Map<String, Point> initialVehicles = new HashMap<>();
initialVehicles.put(""V1"", new Point(0, 0));
initialVehicles.put(""V2"", new Point(0, 0));
initialVehicles.put(""V3"", new Point(0, 0));

DelegatingVehicleTracker tracker = new DelegatingVehicleTracker(initialVehicles);

// Reduce threads to 2 for JPF-friendly execution
Thread[] threads = new Thread[2];

for (int i = 0; i < 2; i++) {
final String vehicleId = ""V"" + ((i % 3) + 1);
threads[i] = new Thread(() -> {
try {
// Reduce iterations to 2 per thread
for (int j = 0; j < 2; j++) {
// Use deterministic fixed values instead of random
int x = j * 10 + 5;
int y = j * 20 + 5;
tracker.setLocation(vehicleId, x, y);
System.out.println(Thread.currentThread().getName() +
"" updated "" + vehicleId + "" to ("" + x + "", "" + y + "")"");
Thread.sleep(10);
}
} catch (InterruptedException e) {
Thread.currentThread().interrupt();
}
});
}

for (Thread t : threads) {
t.start();
}
for (Thread t : threads) {
t.join();
}

System.out.println(""\nFinal vehicle locations:"");
tracker.getLocations().forEach((id, point) ->
System.out.println(id + "": ("" + point.x + "", "" + point.y + "")""));
}
}",3
Vehicle tracker that safely publishes underlying state.,"import java.util.*;
import java.util.concurrent.*;

public class PublishingVehicleTracker {
private final Map<String, SafePoint> locations;
private final Map<String, SafePoint> unmodifiableMap;

public PublishingVehicleTracker(Map<String, SafePoint> locations) {
this.locations = new ConcurrentHashMap<>(locations);
this.unmodifiableMap = Collections.unmodifiableMap(this.locations);
}

public Map<String, SafePoint> getLocations() {
return unmodifiableMap;
}

public SafePoint getLocation(String id) {
return locations.get(id);
}

public void setLocation(String id, int x, int y) {
if (!locations.containsKey(id))
throw new IllegalArgumentException(""invalid vehicle name: "" + id);
locations.get(id).set(x, y);
}

public static void main(String[] args) throws InterruptedException {
Map<String, SafePoint> initialPoints = new HashMap<>();
initialPoints.put(""V1"", new SafePoint(0, 0));
initialPoints.put(""V2"", new SafePoint(10, 10));
initialPoints.put(""V3"", new SafePoint(20, 20));

PublishingVehicleTracker tracker = new PublishingVehicleTracker(initialPoints);

Thread[] threads = new Thread[2]; // fewer threads for faster JPF testing

for (int i = 0; i < 2; i++) {
final int taskId = i;
threads[i] = new Thread(() -> {
Random rand = new Random();
for (int j = 0; j < 3; j++) { // fewer iterations
String vehicleId = ""V"" + ((taskId % 3) + 1);
int newX = rand.nextInt(6); // 0 to 5
int newY = rand.nextInt(6); // 0 to 5
tracker.setLocation(vehicleId, newX, newY);
System.out.println(Thread.currentThread().getName() +
"" updated "" + vehicleId + "" to ("" + newX + "", "" + newY + "")"");
try {
Thread.sleep(20); // shorter sleep
} catch (InterruptedException e) {
Thread.currentThread().interrupt();
}
}
});
}

for (Thread t : threads) {
t.start();
}

for (Thread t : threads) {
t.join();
}

System.out.println(""\nFinal vehicle locations:"");
tracker.getLocations().forEach((id, point) ->
System.out.println(id + "": ("" + point.getX() + "", "" + point.getY() + "")""));
}
}

class SafePoint {
private int x, y;

public SafePoint(int x, int y) {
this.x = x;
this.y = y;
}

public SafePoint(SafePoint point) {
this(point.getX(), point.getY());
}

public synchronized int getX() {
return x;
}

public synchronized int getY() {
return y;
}

public synchronized void set(int x, int y) {
this.x = x;
this.y = y;
}
}",3
Implementing put-if-absent using composition.,"import java.util.*;
import java.util.concurrent.*;

/**
* ImprovedList
*
* Implementing putIfAbsent using composition and synchronization
*/
public class ImprovedList<T> implements List<T> {
private final List<T> list;

/**
* PRE: list argument is thread-safe.
*/
public ImprovedList(List<T> list) {
this.list = list;
}

public synchronized boolean putIfAbsent(T x) {
boolean contains = list.contains(x);
if (!contains)
list.add(x);
return !contains;
}

// Plain vanilla delegation for List methods.
// Mutative methods must be synchronized to ensure atomicity of putIfAbsent.

public int size() {
return list.size();
}

public boolean isEmpty() {
return list.isEmpty();
}

public boolean contains(Object o) {
return list.contains(o);
}

public Iterator<T> iterator() {
return list.iterator();
}

public Object[] toArray() {
return list.toArray();
}

public <E> E[] toArray(E[] a) {
return list.toArray(a);
}

public synchronized boolean add(T e) {
return list.add(e);
}

public synchronized boolean remove(Object o) {
return list.remove(o);
}

public boolean containsAll(Collection<?> c) {
return list.containsAll(c);
}

public synchronized boolean addAll(Collection<? extends T> c) {
return list.addAll(c);
}

public synchronized boolean addAll(int index, Collection<? extends T> c) {
return list.addAll(index, c);
}

public synchronized boolean removeAll(Collection<?> c) {
return list.removeAll(c);
}

public synchronized boolean retainAll(Collection<?> c) {
return list.retainAll(c);
}

public boolean equals(Object o) {
return list.equals(o);
}

public int hashCode() {
return list.hashCode();
}

public T get(int index) {
return list.get(index);
}

public synchronized T set(int index, T element) {
return list.set(index, element);
}

public synchronized void add(int index, T element) {
list.add(index, element);
}

public synchronized T remove(int index) {
return list.remove(index);
}

public int indexOf(Object o) {
return list.indexOf(o);
}

public int lastIndexOf(Object o) {
return list.lastIndexOf(o);
}

public ListIterator<T> listIterator() {
return list.listIterator();
}

public ListIterator<T> listIterator(int index) {
return list.listIterator(index);
}

public List<T> subList(int fromIndex, int toIndex) {
return list.subList(fromIndex, toIndex);
}

public synchronized void clear() {
list.clear();
}

@Override
public String toString() {
return list.toString();
}

// === MAIN METHOD FOR TESTING CONCURRENCY ===

public static void main(String[] args) throws InterruptedException, ExecutionException {
List<String> syncList = Collections.synchronizedList(new ArrayList<>());
ImprovedList<String> improvedList = new ImprovedList<>(syncList);

int threadCount = 2;
ExecutorService executor = Executors.newFixedThreadPool(threadCount);

List<Callable<Void>> tasks = new ArrayList<>();
for (int i = 0; i < threadCount; i++) {
final String element = ""Item"";
tasks.add(() -> {
boolean added = improvedList.putIfAbsent(element);
System.out.println(Thread.currentThread().getName() + "" putIfAbsent result: "" + added);
return null;
});
}

List<Future<Void>> futures = executor.invokeAll(tasks);
for (Future<Void> future : futures) {
future.get();
}

executor.shutdown();

System.out.println(""Final list size: "" + improvedList.size());
System.out.println(""Final list contents: "" + improvedList);
}
}",3
Using CountDownLatch for starting and stopping threads in timing tests.,"import java.util.concurrent.*;

/**
* TestHarness
*
* Using CountDownLatch to control the start and stop of threads in timing tests.
*
* @author Brian Goetz and Tim Peierls
*/
public class TestHarness {
public long timeTasks(int nThreads, final Runnable task) throws InterruptedException {
final CountDownLatch startGate = new CountDownLatch(1);
final CountDownLatch endGate = new CountDownLatch(nThreads);

for (int i = 0; i < nThreads; i++) {
Thread t = new Thread(() -> {
try {
startGate.await();
try {
task.run();
} finally {
endGate.countDown();
}
} catch (InterruptedException e) {
Thread.currentThread().interrupt();
}
});
t.start();
}

long start = System.nanoTime();
startGate.countDown(); // Allow all threads to start running
endGate.await(); // Wait for all threads to finish
long end = System.nanoTime();
return end - start;
}

public static void main(String[] args) throws InterruptedException {
TestHarness harness = new TestHarness();

// Define a simple task: sleep for a while
Runnable task = () -> {
try {
System.out.println(Thread.currentThread().getName() + "" is running."");
Thread.sleep(1000); // Simulate a time-consuming operation
} catch (InterruptedException e) {
Thread.currentThread().interrupt();
}
};

int nThreads = 2; // Run with 2 threads
long duration = harness.timeTasks(nThreads, task);

System.out.printf(""All %d tasks completed in %.3f seconds.%n"",
nThreads, duration / 1_00.0);
}
}",2
Using FutureTask to preload data that is needed later.,"import java.util.concurrent.*;

/**
* Preloader
*
* Using FutureTask to preload data that is needed later
*
* @author Brian Goetz and Tim Peierls
*/
public class Preloader {
// Simulate product information loading
ProductInfo loadProductInfo() throws DataLoadException {
try {
Thread.sleep(2000); // Simulate loading delay
} catch (InterruptedException e) {
Thread.currentThread().interrupt();
throw new DataLoadException();
}
return new ProductInfoImpl(""Awesome Product"", 99.99);
}

private final FutureTask<ProductInfo> future =
new FutureTask<>(new Callable<ProductInfo>() {
public ProductInfo call() throws DataLoadException {
return loadProductInfo();
}
});
private final Thread thread = new Thread(future);

public void start() {
thread.start();
}

public ProductInfo get() throws DataLoadException, InterruptedException {
try {
return future.get();
} catch (ExecutionException e) {
Throwable cause = e.getCause();
if (cause instanceof DataLoadException)
throw (DataLoadException) cause;
else
throw LaunderThrowable.launderThrowable(cause);
}
}

interface ProductInfo {
String getName();
double getPrice();
}

static class ProductInfoImpl implements ProductInfo {
private final String name;
private final double price;

public ProductInfoImpl(String name, double price) {
this.name = name;
this.price = price;
}

public String getName() {
return name;
}

public double getPrice() {
return price;
}

@Override
public String toString() {
return ""ProductInfo{name='"" + name + ""', price="" + price + ""}"";
}
}

// Utility class: for throwing unchecked exceptions
static class LaunderThrowable {
static RuntimeException launderThrowable(Throwable t) {
if (t instanceof RuntimeException)
return (RuntimeException) t;
else if (t instanceof Error)
throw (Error) t;
else
throw new IllegalStateException(""Not unchecked"", t);
}
}

// Main entry point
public static void main(String[] args) {
System.out.println(""Starting preloader..."");
Preloader preloader = new Preloader();
preloader.start();

try {
System.out.println(""Doing something else in the main thread..."");
Thread.sleep(1000);

System.out.println(""Waiting for product info..."");
ProductInfo productInfo = preloader.get();
System.out.println(""Loaded product: "" + productInfo);
} catch (DataLoadException | InterruptedException e) {
e.printStackTrace();
}
}
}

class DataLoadException extends Exception {
public DataLoadException() {
super(""Failed to load product data."");
}
}",2
Using a volatile field to hold cancellation state.,"import java.math.BigInteger;
import java.util.*;

public class PrimeGenerator implements Runnable {
private final List<BigInteger> primes = new ArrayList<>();
private volatile boolean cancelled = false;
private final int maxPrimes;

public PrimeGenerator(int maxPrimes) {
this.maxPrimes = maxPrimes;
}

public void run() {
BigInteger p = BigInteger.ONE;
while (!cancelled && primes.size() < maxPrimes) {
p = p.nextProbablePrime();
synchronized (this) {
primes.add(p);
}
// Optional: remove sleep to speed up, or keep a very short sleep
try {
Thread.sleep(1);
} catch (InterruptedException e) {
Thread.currentThread().interrupt();
break;
}
}
}

public void cancel() {
cancelled = true;
}

public synchronized List<BigInteger> get() {
return new ArrayList<>(primes);
}

public static List<BigInteger> generatePrimes(int count) throws InterruptedException {
PrimeGenerator generator = new PrimeGenerator(count);
Thread thread = new Thread(generator);
thread.start();
thread.join(); // Wait until generator finishes generating count primes
return generator.get();
}

public static void main(String[] args) {
try {
int primeCount = 10; // Generate 10 primes
List<BigInteger> primes = generatePrimes(primeCount);

System.out.println(""Generated "" + primes.size() + "" primes."");

int limit = Math.min(10, primes.size());
System.out.println(""First "" + limit + "" primes:"");
for (int i = 0; i < limit; i++) {
System.out.println(primes.get(i));
}
} catch (InterruptedException e) {
System.err.println(""Interrupted during prime generation: "" + e.getMessage());
Thread.currentThread().interrupt();
}
}
}",2
Generating a second's worth of prime numbers.,"import java.math.BigInteger;
import java.util.ArrayList;
import java.util.Collections;
import java.util.List;

public class LLMC implements Runnable {

private final List<BigInteger> primes = Collections.synchronizedList(new ArrayList<>());
private volatile boolean cancelled;
private final int maxPrimes; 

public LLMC(int maxPrimes) {
this.maxPrimes = maxPrimes;
}

@Override
public void run() {
BigInteger p = BigInteger.ONE;
while (!cancelled && primes.size() < maxPrimes) {
p = p.nextProbablePrime();
primes.add(p);

try {
Thread.sleep(10);
} catch (InterruptedException e) {
Thread.currentThread().interrupt();
break;
}
}
}

public void cancel() {
cancelled = true;
}

public List<BigInteger> getPrimes() {
synchronized (primes) {
return new ArrayList<>(primes);
}
}

public static List<BigInteger> limitedPrimes() throws InterruptedException {
LLMC generator = new LLMC(10);
Thread thread = new Thread(generator);
thread.start();

Thread.sleep(1000);
generator.cancel();

thread.join();

return generator.getPrimes();
}

public static void main(String[] args) {
try {
List<BigInteger> primes = limitedPrimes();
System.out.println(""Generated "" + primes.size() + "" primes in 1 second:"");
for (BigInteger prime : primes) {
System.out.println(prime);
}
} catch (InterruptedException e) {
Thread.currentThread().interrupt();
System.err.println(""Prime generation was interrupted."");
}
}
}",2
Using interruption for cancellation.,"import java.math.BigInteger;
import java.util.concurrent.BlockingQueue;
import java.util.concurrent.LinkedBlockingQueue;

public class PrimeProducer extends Thread {
private final BlockingQueue<BigInteger> queue;
private final int maxPrimesToGenerate;

public PrimeProducer(BlockingQueue<BigInteger> queue, int maxPrimesToGenerate) {
this.queue = queue;
this.maxPrimesToGenerate = maxPrimesToGenerate;
}

@Override
public void run() {
try {
BigInteger p = BigInteger.ONE;
int count = 0;
while (!Thread.currentThread().isInterrupted() && count < maxPrimesToGenerate) {
p = p.nextProbablePrime();
queue.put(p);
count++;
}
} catch (InterruptedException e) {
Thread.currentThread().interrupt();
}
}

public void cancel() {
interrupt();
}

public static void main(String[] args) throws InterruptedException {
BlockingQueue<BigInteger> queue = new LinkedBlockingQueue<>();
final int primesToProduce = 2;

PrimeProducer producer = new PrimeProducer(queue, primesToProduce);
producer.start();

Thread consumer = new Thread(() -> {
int count = 0;
try {
while (count < primesToProduce) {
BigInteger prime = queue.take();
System.out.println(""Consumed: "" + prime);
count++;
}
} catch (InterruptedException e) {
Thread.currentThread().interrupt();
System.out.println(""Consumer was interrupted."");
}
});

consumer.start();
consumer.join();

producer.cancel();
producer.join();

System.out.println(""All tasks completed."");
}
}",3
Waiting for results to be calculated in parallel.,"import java.util.*;
import java.util.concurrent.*;

public abstract class LLMC {

void processSequentially(List<Element> elements) {
for (Element e : elements)
process(e);
}

void processInParallel(Executor exec, List<Element> elements) {
CountDownLatch latch = new CountDownLatch(elements.size());
for (final Element e : elements) {
exec.execute(() -> {
process(e);
latch.countDown();
});
}
try {
latch.await();
} catch (InterruptedException ie) {
Thread.currentThread().interrupt();
}
}

public abstract void process(Element e);

public <T> void sequentialRecursive(List<Node<T>> nodes, Collection<T> results) {
for (Node<T> n : nodes) {
results.add(n.compute());
sequentialRecursive(n.getChildren(), results);
}
}

public <T> Collection<T> parallelRecursive(List<Node<T>> nodes) throws InterruptedException {
Collection<T> results = Collections.synchronizedList(new ArrayList<>());
CountDownLatch latch = new CountDownLatch(nodes.size());

Thread worker = new Thread(() -> {
for (Node<T> n : nodes) {
T result = n.compute();
results.add(result);
sequentialRecursive(n.getChildren(), results);
latch.countDown();
}
});

worker.start();
latch.await();

return results;
}

interface Element {}
interface Node<T> { T compute(); List<Node<T>> getChildren(); }

static class MyElement implements Element {
private final String name;
public MyElement(String name) { this.name = name; }
public String toString() { return ""Element: "" + name; }
}

static class MyNode implements Node<String> {
private final String name;
private final List<Node<String>> children;
public MyNode(String name, List<Node<String>> children) {
this.name = name;
this.children = children != null ? children : Collections.emptyList();
}
public String compute() {
return name;
}
public List<Node<String>> getChildren() { return children; }
}

public static void main(String[] args) throws InterruptedException {
LLMC instance = new LLMC() {
public void process(Element e) {
// Minimal processing
}
};

List<Element> elements = Arrays.asList(new MyElement(""A""));

instance.processSequentially(elements);

Thread executor = new Thread(() -> {
instance.processInParallel(Runnable::run, elements);
});
executor.start();
executor.join();

Node<String> leaf = new MyNode(""Leaf"", null);
Node<String> root = new MyNode(""Root"", Arrays.asList(leaf));
List<Node<String>> tree = Arrays.asList(root);

Collection<String> sequentialResults = new ArrayList<>();
instance.sequentialRecursive(tree, sequentialResults);

Collection<String> parallelResults = instance.parallelRecursive(tree);
System.out.println(parallelResults);
}
}",2
Inducing a lock ordering to avoid deadlock.,"import java.math.BigDecimal;
import java.util.concurrent.ExecutorService;
import java.util.concurrent.Executors;

public class LLMC {
private static final Object tieLock = new Object();

public void transferMoney(final Account fromAcct,
final Account toAcct,
final DollarAmount amount)
throws InsufficientFundsException {
class Helper {
public void transfer() throws InsufficientFundsException {
if (fromAcct.getBalance().compareTo(amount) < 0)
throw new InsufficientFundsException();
else {
fromAcct.debit(amount);
toAcct.credit(amount);
}
}
}

int fromHash = System.identityHashCode(fromAcct);
int toHash = System.identityHashCode(toAcct);

if (fromHash < toHash) {
synchronized (fromAcct) {
synchronized (toAcct) {
new Helper().transfer();
}
}
} else if (fromHash > toHash) {
synchronized (toAcct) {
synchronized (fromAcct) {
new Helper().transfer();
}
}
} else {
synchronized (tieLock) {
synchronized (fromAcct) {
synchronized (toAcct) {
new Helper().transfer();
}
}
}
}
}

public static class DollarAmount implements Comparable<DollarAmount> {
private final BigDecimal value;

public DollarAmount(BigDecimal value) {
this.value = value;
}

public DollarAmount add(DollarAmount other) {
return new DollarAmount(this.value.add(other.value));
}

public DollarAmount subtract(DollarAmount other) {
return new DollarAmount(this.value.subtract(other.value));
}

@Override
public int compareTo(DollarAmount other) {
return this.value.compareTo(other.value);
}

@Override
public String toString() {
return value.toString();
}
}

public interface Account {
void debit(DollarAmount d);

void credit(DollarAmount d);

DollarAmount getBalance();

int getAcctNo();
}

public static class AccountImpl implements Account {
private DollarAmount balance;
private final int acctNo;

public AccountImpl(int acctNo, DollarAmount initialBalance) {
this.acctNo = acctNo;
this.balance = initialBalance;
}

@Override
public synchronized void debit(DollarAmount d) {
balance = balance.subtract(d);
}

@Override
public synchronized void credit(DollarAmount d) {
balance = balance.add(d);
}

@Override
public synchronized DollarAmount getBalance() {
return balance;
}

@Override
public int getAcctNo() {
return acctNo;
}
}

static class InsufficientFundsException extends Exception {
public InsufficientFundsException() {
super(""Insufficient funds in account."");
}
}

public static void main(String[] args) throws InterruptedException {
LLMC service = new LLMC();

Account a1 = new AccountImpl(1, new DollarAmount(new BigDecimal(""1000.00"")));
Account a2 = new AccountImpl(2, new DollarAmount(new BigDecimal(""1000.00"")));

Runnable task = () -> {
try {
// Reduced iterations to 2 for faster completion
for (int i = 0; i < 2; i++) {
service.transferMoney(a1, a2, new DollarAmount(new BigDecimal(""1.00"")));
service.transferMoney(a2, a1, new DollarAmount(new BigDecimal(""1.00"")));
}
} catch (InsufficientFundsException e) {
e.printStackTrace();
}
};

// Reduced thread pool size to 2 to reduce thread overhead
ExecutorService executor = Executors.newFixedThreadPool(2);
// Reduced number of tasks to 2
for (int i = 0; i < 2; i++) {
executor.submit(task);
}

executor.shutdown();
while (!executor.isTerminated()) {
Thread.sleep(10);
}

System.out.println(""Final balance of Account 1: "" + ((AccountImpl) a1).getBalance());
System.out.println(""Final balance of Account 2: "" + ((AccountImpl) a2).getBalance());
}
}",3
Candidate for lock elision.,"import java.util.*;
import java.util.concurrent.ExecutorService;
import java.util.concurrent.Executors;

public final class ThreeStooges {
private static final List<String> STOOGES =
Collections.unmodifiableList(Arrays.asList(""Moe"", ""Larry"", ""Curly""));
private static final Set<String> STOOGES_SET = new HashSet<>(STOOGES);

public boolean isStooge(String name) {
return STOOGES_SET.contains(name);
}

public String getStoogeNames() {
return STOOGES.toString();
}

public static void main(String[] args) {
final ThreeStooges stooges = new ThreeStooges();

ExecutorService executor = Executors.newFixedThreadPool(2);

String[] namesToCheck = {""Moe"", ""Shemp"", ""Larry"", ""Curly"", ""John"", ""Curly"", ""Moe""};

for (int i = 0; i < namesToCheck.length; i++) {
final int taskId = i;
final String name = namesToCheck[i];
executor.submit(new StoogeCheckerTask(stooges, name, taskId));
}

executor.shutdown();
}
}

class StoogeCheckerTask implements Runnable {
private final ThreeStooges stooges;
private final String name;
private final int taskId;

public StoogeCheckerTask(ThreeStooges stooges, String name, int taskId) {
this.stooges = stooges;
this.name = name;
this.taskId = taskId;
}

@Override
public void run() {
System.out.println(""Task ID: "" + taskId + "" - Checking name: "" + name);
boolean result = stooges.isStooge(name);
System.out.println(""Task ID: "" + taskId + "" - Is '"" + name + ""' a stooge? "" + result);
}
}",6
Hash-based map using lock striping.,"public class StripedMapJPF {
private static final int N_LOCKS = 4;
private final Node[] buckets;
private final Object[] locks;

private static class Node {
final Object key;
Object value;
Node next;

Node(Object key, Object value, Node next) {
this.key = key;
this.value = value;
this.next = next;
}
}

public StripedMapJPF(int numBuckets) {
buckets = new Node[numBuckets];
locks = new Object[N_LOCKS];
for (int i = 0; i < N_LOCKS; i++) locks[i] = new Object();
}

private int hash(Object key) {
int h = key == null ? 0 : key.hashCode();
return (h & 0x7fffffff) % buckets.length;
}

public Object get(Object key) {
int h = hash(key);
Object lock = locks[h % N_LOCKS];
synchronized (lock) {
Node node = buckets[h];
while (node != null) {
if (node.key == null ? key == null : node.key.equals(key))
return node.value;
node = node.next;
}
return null;
}
}

public void put(Object key, Object value) {
int h = hash(key);
Object lock = locks[h % N_LOCKS];
synchronized (lock) {
Node head = buckets[h];
for (Node node = head; node != null; node = node.next) {
if (node.key == null ? key == null : node.key.equals(key)) {
node.value = value;
return;
}
}
buckets[h] = new Node(key, value, head);
}
}

public void clear() {
for (int i = 0; i < buckets.length; i++) {
Object lock = locks[i % N_LOCKS];
synchronized (lock) {
buckets[i] = null;
}
}
}

public static void main(String[] args) throws InterruptedException {
final StripedMapJPF map = new StripedMapJPF(8);

Thread writer1 = new Thread(() -> {
for (int i = 0; i < 2; i++) map.put(""k"" + i, i);
});

Thread writer2 = new Thread(() -> {
for (int i = 1; i < 2; i++) map.put(""k"" + i, i*10);
});

Thread reader = new Thread(() -> {
for (int i = 0; i < 2; i++) map.get(""k"" + i);
});

Thread clearer = new Thread(map::clear);

writer1.start();
writer2.start();
reader.start();
clearer.start();

writer1.join();
writer2.join();
reader.join();
clearer.join();

map.get(""k0"");
map.get(""k2"");
}
}",5
Bounded buffer using Semaphore.,"import java.util.concurrent.Semaphore;

public class SemaphoreBoundedBuffer<E> {
private final Semaphore availableItems, availableSpaces;
private final E[] items;
private int putPosition = 0, takePosition = 0;

public SemaphoreBoundedBuffer(int capacity) {
if (capacity <= 0) throw new IllegalArgumentException();
availableItems = new Semaphore(0);
availableSpaces = new Semaphore(capacity);
items = (E[]) new Object[capacity];
}

public void put(E x) throws InterruptedException {
availableSpaces.acquire();
synchronized (this) {
items[putPosition] = x;
putPosition = (putPosition + 1) % items.length;
}
availableItems.release();
}

public E take() throws InterruptedException {
availableItems.acquire();
E item;
synchronized (this) {
item = items[takePosition];
items[takePosition] = null;
takePosition = (takePosition + 1) % items.length;
}
availableSpaces.release();
return item;
}

public static void main(String[] args) {
final int bufferSize = 2;
final int numItems = 2;

SemaphoreBoundedBuffer<Integer> buffer = new SemaphoreBoundedBuffer<>(bufferSize);

Thread producer = new Thread(() -> {
try {
for (int i = 0; i < numItems; i++) {
buffer.put(i);
// Avoid printing to reduce state space
}
} catch (InterruptedException e) {
Thread.currentThread().interrupt();
}
});

Thread consumer = new Thread(() -> {
try {
for (int i = 0; i < numItems; i++) {
Integer item = buffer.take();
// Avoid printing to reduce state space
}
} catch (InterruptedException e) {
Thread.currentThread().interrupt();
}
});

producer.start();
consumer.start();

try {
producer.join();
consumer.join();
} catch (InterruptedException e) {
Thread.currentThread().interrupt();
}

// Minimal output
System.out.println(""Done."");
}
}",3
Avoiding lock-ordering deadlock using try Lock.,"import java.util.Random;
import java.util.concurrent.TimeUnit;
import java.util.concurrent.locks.Lock;
import java.util.concurrent.locks.ReentrantLock;
import static java.util.concurrent.TimeUnit.MILLISECONDS;
import static java.util.concurrent.TimeUnit.NANOSECONDS;

public class LLMC {
private static Random rnd = new Random();

public boolean transferMoney(Account fromAcct,
Account toAcct,
DollarAmount amount,
long timeout,
TimeUnit unit)
throws InsufficientFundsException, InterruptedException {
long fixedDelay = getFixedDelayComponentNanos(timeout, unit);
long randMod = getRandomDelayModulusNanos(timeout, unit);
long timeoutNanos = unit.toNanos(timeout);
long startTime = System.nanoTime();

while (true) {
if (fromAcct.lock.tryLock()) {
try {
if (toAcct.lock.tryLock()) {
try {
if (fromAcct.getBalance().compareTo(amount) < 0)
throw new InsufficientFundsException();
else {
fromAcct.debit(amount);
toAcct.credit(amount);
System.out.println(""Transfer success: $"" + amount.value + "" from "" + fromAcct.id + "" to "" + toAcct.id);
return true;
}
} finally {
toAcct.lock.unlock();
}
}
} finally {
fromAcct.lock.unlock();
}
}

if (System.nanoTime() - startTime >= timeoutNanos)
return false;

NANOSECONDS.sleep(fixedDelay + rnd.nextLong() % randMod);
}
}

private static final long DELAY_FIXED = MILLISECONDS.toNanos(1);
private static final long DELAY_RANDOM = MILLISECONDS.toNanos(10);

static long getFixedDelayComponentNanos(long timeout, TimeUnit unit) {
return DELAY_FIXED;
}

static long getRandomDelayModulusNanos(long timeout, TimeUnit unit) {
return DELAY_RANDOM;
}

static class DollarAmount implements Comparable<DollarAmount> {
final int value;

DollarAmount(int dollars) {
this.value = dollars;
}

public int compareTo(DollarAmount other) {
return Integer.compare(this.value, other.value);
}

public String toString() {
return ""$"" + value;
}
}

static class Account {
final Lock lock = new ReentrantLock();
private DollarAmount balance;
final String id;

Account(String id, DollarAmount initialBalance) {
this.id = id;
this.balance = initialBalance;
}

void debit(DollarAmount d) {
balance = new DollarAmount(balance.value - d.value);
}

void credit(DollarAmount d) {
balance = new DollarAmount(balance.value + d.value);
}

DollarAmount getBalance() {
return balance;
}
}

static class InsufficientFundsException extends Exception {
public InsufficientFundsException() {
super(""Insufficient funds for transfer."");
}
}

public static void main(String[] args) throws InterruptedException {
Account accountA = new Account(""A"", new DollarAmount(100));
Account accountB = new Account(""B"", new DollarAmount(100));

LLMC dao = new LLMC();

Thread t1 = new Thread(() -> {
try {
boolean success = dao.transferMoney(accountA, accountB, new DollarAmount(20), 100, MILLISECONDS);
System.out.println(""T1: Transfer "" + (success ? ""succeeded"" : ""failed""));
} catch (Exception e) {
e.printStackTrace();
}
});

Thread t2 = new Thread(() -> {
try {
boolean success = dao.transferMoney(accountB, accountA, new DollarAmount(30), 100, MILLISECONDS);
System.out.println(""T2: Transfer "" + (success ? ""succeeded"" : ""failed""));
} catch (Exception e) {
e.printStackTrace();
}
});

t1.start();
t2.start();

t1.join();
t2.join();

System.out.println(""Final balances:"");
System.out.println(""Account A: "" + accountA.getBalance());
System.out.println(""Account B: "" + accountB.getBalance());
System.out.println(""Total threads including main: 3"");
}
}",3
Wrapping a Map with a read-write lock.,"import java.util.HashMap;
import java.util.Map;

public class SimpleReadWriteMap<K, V> {
private final Map<K, V> map = new HashMap<>();

public synchronized V put(K key, V value) {
return map.put(key, value);
}

public synchronized V get(Object key) {
return map.get(key);
}

public synchronized int size() {
return map.size();
}

public static void main(String[] args) throws InterruptedException {
final SimpleReadWriteMap<String, String> rwMap = new SimpleReadWriteMap<>();

Thread writer = new Thread(new Runnable() {
public void run() {
for (int i = 0; i < 3; i++) {
rwMap.put(""key"" + i, ""value"" + i);
System.out.println(""Writer wrote: key"" + i);
}
}
});

Thread reader1 = new Thread(new Runnable() {
public void run() {
for (int i = 0; i < 3; i++) {
String val = rwMap.get(""key"" + i);
if (val != null) {
System.out.println(""Reader1 read: "" + val);
}
}
}
});

Thread reader2 = new Thread(new Runnable() {
public void run() {
for (int i = 0; i < 3; i++) {
String val = rwMap.get(""key"" + i);
if (val != null) {
System.out.println(""Reader2 read: "" + val);
}
}
}
});

writer.start();
reader1.start();
reader2.start();

writer.join();
reader1.join();
reader2.join();

System.out.println(""Final size: "" + rwMap.size());
}
}",4
Simulated CAS operation.,"public class SimulatedCAS {
private int value;

public synchronized int get() {
return value;
}

public synchronized int compareAndSwap(int expectedValue, int newValue) {
int oldValue = value;
if (oldValue == expectedValue) {
value = newValue;
}
return oldValue;
}

public synchronized boolean compareAndSet(int expectedValue, int newValue) {
return expectedValue == compareAndSwap(expectedValue, newValue);
}

public static void main(String[] args) throws InterruptedException {
final SimulatedCAS cas = new SimulatedCAS();

// Reduce number of threads and iterations for faster JPF analysis
int threadCount = 2;
int iterationsPerThread = 3;

Thread[] threads = new Thread[threadCount];
for (int i = 0; i < threadCount; i++) {
final int threadId = i;
threads[i] = new Thread(new Runnable() {
public void run() {
for (int j = 0; j < iterationsPerThread; j++) {
int expected;
do {
expected = cas.get();
} while (!cas.compareAndSet(expected, expected + 1));
System.out.println(Thread.currentThread().getName() + "" incremented to: "" + cas.get());
}
}
}, ""Worker-"" + threadId);
threads[i].start();
}

for (Thread t : threads) {
t.join();
}

System.out.println(""Final value: "" + cas.get());
System.out.println(""Expected value: "" + (threadCount * iterationsPerThread));
}
}",2
Nonblocking stack using Treiber's algorithm.,"import java.util.concurrent.atomic.AtomicReference;
import java.util.concurrent.ExecutorService;
import java.util.concurrent.Executors;

public class ConcurrentStack<E> {
private final AtomicReference<Node<E>> top = new AtomicReference<>();

public void push(E item) {
Node<E> newHead = new Node<>(item);
Node<E> oldHead;
do {
oldHead = top.get();
newHead.next = oldHead;
} while (!top.compareAndSet(oldHead, newHead));
}

public E pop() {
Node<E> oldHead;
Node<E> newHead;
do {
oldHead = top.get();
if (oldHead == null)
return null;
newHead = oldHead.next;
} while (!top.compareAndSet(oldHead, newHead));
return oldHead.item;
}

private static class Node<E> {
public final E item;
public Node<E> next;

public Node(E item) {
this.item = item;
}
}

public static void main(String[] args) throws InterruptedException {
ConcurrentStack<Integer> stack = new ConcurrentStack<>();

ExecutorService executor = Executors.newFixedThreadPool(3);

for (int i = 0; i < 3; i++) {
final int threadId = i;
executor.submit(() -> {
for (int j = 0; j < 5; j++) {
int value = threadId * 10 + j;
stack.push(value);
System.out.println(Thread.currentThread().getName() + "" pushed: "" + value);
}

for (int j = 0; j < 5; j++) {
Integer value = stack.pop();
System.out.println(Thread.currentThread().getName() + "" popped: "" + value);
}
});
}

executor.shutdown();
while (!executor.isTerminated()) {
Thread.sleep(100);
}

System.out.println(""All tasks completed."");
System.out.println(""Total threads including main: 4"");
}
}",4
Thread-safe lazy initialization.,"import java.util.concurrent.ExecutorService;
import java.util.concurrent.Executors;

public class SafeLazyInitializationJPF {
private static Resource instance;

private SafeLazyInitializationJPF() {}

public static synchronized Resource getInstance() {
if (instance == null) {
instance = new Resource();
}
return instance;
}

static class Resource {
private Resource() {}

public void doSomething() {}
}

public static void main(String[] args) throws InterruptedException {
ExecutorService executor = Executors.newFixedThreadPool(2);

for (int i = 0; i < 2; i++) {
executor.submit(() -> {
Resource r = SafeLazyInitializationJPF.getInstance();
r.doSomething();
});
}

executor.shutdown();
while (!executor.isTerminated()) {
Thread.sleep(10);
}
}
}",4
Eager initialization.,"public class EagerInitialization {
private static final Resource resource = new Resource();

public static Resource getResource() {
return resource;
}

static class Resource {
public void doSomething() {
System.out.println(Thread.currentThread().getName() + "": Resource is doing something."");
}
}

public static void main(String[] args) {
Runnable task = () -> {
Resource res = getResource();
res.doSomething();
};

Thread t1 = new Thread(task, ""Thread-1"");
Thread t2 = new Thread(task, ""Thread-2"");
Thread t3 = new Thread(task, ""Thread-3"");

t1.start();
t2.start();
t3.start();

try {
t1.join();
t2.join();
t3.join();
} catch (InterruptedException e) {
e.printStackTrace();
}

System.out.println(""All threads completed."");
}
}",4
Lazy initialization holder class idiom.,"public class LLMC {

private static class ResourceHolder {
private static final Resource resource = new Resource();
}

public static Resource getResource() {
return ResourceHolder.resource;
}

static class Resource {
private final long id;

public Resource() {
try {
Thread.sleep(100);
} catch (InterruptedException e) {
Thread.currentThread().interrupt();
}
this.id = System.identityHashCode(this);
}

public long getId() {
return id;
}
}

public static void main(String[] args) throws InterruptedException {
Thread[] threads = new Thread[2];
for (int i = 0; i < 2; i++) {
threads[i] = new Thread(() -> {
Resource resource = getResource();
System.out.println(""Resource ID: "" + resource.getId() + "" from thread: "" + Thread.currentThread().getName());
}, ""Thread-"" + i);
threads[i].start();
}
for (int i = 0; i < 2; i++) {
threads[i].join();
}
}
}",11
Simple thread-safe counter using the Java monitor pattern.,"public final class Counter {
private long value = 0;

public synchronized long getValue() {
return value;
}

public synchronized long increment() {
if (value == Long.MAX_VALUE)
throw new IllegalStateException(""counter overflow"");
return ++value;
}

public static void main(String[] args) throws InterruptedException {
final int NUM_THREADS = 2; 
final int INCREMENTS_PER_THREAD = 10; 
final Counter counter = new Counter();

Thread[] threads = new Thread[NUM_THREADS];

for (int i = 0; i < NUM_THREADS; i++) {
threads[i] = new Thread(() -> {
for (int j = 0; j < INCREMENTS_PER_THREAD; j++) {
counter.increment();
}
});
threads[i].start();
}

for (Thread thread : threads) {
thread.join();
}

System.out.println(""Final counter value: "" + counter.getValue());
System.out.println(""Expected value: "" + (NUM_THREADS * INCREMENTS_PER_THREAD));
}
}",3
Monitor-based vehicle tracker implementation.,"import java.util.*;

public class MonitorVehicleTracker {
private final Map<String, MutablePoint> locations;

public MonitorVehicleTracker(Map<String, MutablePoint> locations) {
this.locations = deepCopy(locations);
}

public synchronized Map<String, MutablePoint> getLocations() {
return deepCopy(locations);
}

public synchronized MutablePoint getLocation(String id) {
MutablePoint loc = locations.get(id);
return loc == null ? null : new MutablePoint(loc);
}

public synchronized void setLocation(String id, int x, int y) {
MutablePoint loc = locations.get(id);
if (loc == null)
throw new IllegalArgumentException(""No such ID: "" + id);
loc.x = x;
loc.y = y;
}

private static Map<String, MutablePoint> deepCopy(Map<String, MutablePoint> m) {
Map<String, MutablePoint> result = new HashMap<>();
for (String id : m.keySet())
result.put(id, new MutablePoint(m.get(id)));
return Collections.unmodifiableMap(result);
}

public static void main(String[] args) throws InterruptedException {
Map<String, MutablePoint> initialLocations = new HashMap<>();
initialLocations.put(""car1"", new MutablePoint(0, 0));
initialLocations.put(""car2"", new MutablePoint(10, 10));

MonitorVehicleTracker tracker = new MonitorVehicleTracker(initialLocations);

Thread updater = new Thread(() -> {
try {
Thread.sleep(500);
tracker.setLocation(""car1"", 5, 5);
System.out.println(""Updated car1 to (5,5)"");
} catch (Exception e) {
e.printStackTrace();
}
});

Thread reader = new Thread(() -> {
try {
Thread.sleep(1000);
Map<String, MutablePoint> snapshot = tracker.getLocations();
System.out.println(""Current locations:"");
snapshot.forEach((id, point) -> System.out.println(id + "": ("" + point.x + "", "" + point.y + "")""));
} catch (Exception e) {
e.printStackTrace();
}
});

updater.start();
reader.start();

updater.join();
reader.join();

System.out.println(""All threads completed."");
}
}

class MutablePoint {
public int x, y;

public MutablePoint() {
this(0, 0);
}

public MutablePoint(int x, int y) {
this.x = x;
this.y = y;
}

public MutablePoint(MutablePoint p) {
this(p.x, p.y);
}
}",3
Using Semaphore to bound a collection.,"import java.util.Collections;
import java.util.HashSet;
import java.util.Set;
import java.util.concurrent.Semaphore;

public class BoundedHashSet<T> {
private final Set<T> set;
private final Semaphore sem;

public BoundedHashSet(int bound) {
this.set = Collections.synchronizedSet(new HashSet<>());
this.sem = new Semaphore(bound);
}

public boolean add(T o) throws InterruptedException {
sem.acquire();
boolean added = set.add(o);
if (!added) {
sem.release();
}
return added;
}

public boolean remove(Object o) {
boolean removed = set.remove(o);
if (removed) {
sem.release();
}
return removed;
}

public int size() {
return set.size();
}

public static void main(String[] args) throws InterruptedException {
final BoundedHashSet<String> boundedSet = new BoundedHashSet<>(2);

Thread t1 = new Thread(() -> {
try { boundedSet.add(""A""); } catch (InterruptedException e) { Thread.currentThread().interrupt(); }
});

Thread t2 = new Thread(() -> {
try { boundedSet.add(""B""); } catch (InterruptedException e) { Thread.currentThread().interrupt(); }
});

Thread t3 = new Thread(() -> {
try { boundedSet.add(""C""); } catch (InterruptedException e) { Thread.currentThread().interrupt(); }
});

t1.start(); t2.start(); t1.join(); t2.join();

boundedSet.remove(""A"");

t3.start(); t3.join();

System.out.println(""Final set size: "" + boundedSet.size());
}
}",5
Custom thread factory.,"interface ThreadFactory {
Thread newThread(Runnable r);
}

class MyThreadFactory implements ThreadFactory {
private final String poolName;

public MyThreadFactory(String poolName) {
this.poolName = poolName;
}

@Override
public Thread newThread(Runnable runnable) {
return new MyAppThread(runnable, poolName);
}
}

class MyAppThread extends Thread {
private static int counter = 0;

public MyAppThread(Runnable target, String threadPoolName) {
super(target, threadPoolName + ""-thread-"" + nextId());
setDaemon(false);
setUncaughtExceptionHandler((t, e) -> {
System.err.println(""Exception in "" + t.getName() + "": "" + e.getMessage());
});
}

private static synchronized int nextId() {
return counter++;
}
}

public class CustomThreadPoolTest {
public static void main(String[] args) {
ThreadFactory factory = new MyThreadFactory(""WorkerPool"");

for (int i = 0; i < 5; i++) {
Thread thread = factory.newThread(() -> {
System.out.println(Thread.currentThread().getName() + "" is running"");
try {
Thread.sleep(1000);
} catch (InterruptedException e) {
Thread.currentThread().interrupt();
System.err.println(""Thread interrupted: "" + e.getMessage());
}
});
thread.start();
}
}
}",6
Custom thread base class.,"import java.util.logging.Logger;
import java.util.logging.Level;
import java.util.concurrent.atomic.AtomicInteger;

public class MyAppThread extends Thread {
public static final String DEFAULT_NAME = ""MyAppThread"";
private static volatile boolean debugLifecycle = false;
private static final AtomicInteger created = new AtomicInteger();
private static final AtomicInteger alive = new AtomicInteger();
private static final Logger log = Logger.getAnonymousLogger();

public MyAppThread(Runnable r) {
this(r, DEFAULT_NAME);
}

public MyAppThread(Runnable runnable, String name) {
super(runnable, name + ""-"" + created.incrementAndGet());
setUncaughtExceptionHandler((t, e) -> {
log.log(Level.SEVERE,
""UNCAUGHT in thread "" + t.getName(), e);
});
}

@Override
public void run() {
boolean debug = debugLifecycle;
if (debug) log.log(Level.FINE, ""Created "" + getName());
alive.incrementAndGet();
try {
super.run();
} finally {
alive.decrementAndGet();
if (debug) log.log(Level.FINE, ""Exiting "" + getName());
}
}

public static int getThreadsCreated() {
return created.get();
}

public static int getThreadsAlive() {
return alive.get();
}

public static boolean getDebug() {
return debugLifecycle;
}

public static void setDebug(boolean b) {
debugLifecycle = b;
}

public static void main(String[] args) throws InterruptedException {
MyAppThread.setDebug(true);

System.out.println(""Starting test..."");

for (int i = 0; i < 5; i++) {
Runnable task = () -> {
System.out.println(Thread.currentThread().getName() + "" is running."");
try {
Thread.sleep(1000);
} catch (InterruptedException e) {
Thread.currentThread().interrupt();
System.err.println(""Thread interrupted: "" + e.getMessage());
}
System.out.println(Thread.currentThread().getName() + "" is done."");
};

MyAppThread thread = new MyAppThread(task, ""Worker"");
thread.start();
}

while (MyAppThread.getThreadsAlive() > 0) {
Thread.sleep(100);
}

System.out.println(""All threads have completed."");
System.out.println(""Total threads created: "" + MyAppThread.getThreadsCreated());
System.out.println(""Currently alive threads: "" + MyAppThread.getThreadsAlive());
}
}",6
Driver loop that induces deadlock under typical conditions.,"import java.util.Random;

public class DemonstrateDeadlock {
private static final int NUM_THREADS = 2;
private static final int NUM_ACCOUNTS = 2;
private static final int NUM_ITERATIONS = 10;

public static void main(String[] args) {
final Random rnd = new Random();
final Account[] accounts = new Account[NUM_ACCOUNTS];

for (int i = 0; i < accounts.length; i++)
accounts[i] = new Account();

class TransferThread extends Thread {
public void run() {
for (int i = 0; i < NUM_ITERATIONS; i++) {
int fromAcct = rnd.nextInt(NUM_ACCOUNTS);
int toAcct = rnd.nextInt(NUM_ACCOUNTS);
if (fromAcct == toAcct)
continue;
DollarAmount amount = new DollarAmount(rnd.nextInt(1000));
try {
DynamicOrderDeadlock.transferMoney(accounts[fromAcct], accounts[toAcct], amount);
} catch (DynamicOrderDeadlock.InsufficientFundsException ignored) {
}
}
}
}

for (int i = 0; i < NUM_THREADS; i++) {
new TransferThread().start();
}
}
}

class Account {
private volatile int balance;

public Account() {
this.balance = 1000;
}

public synchronized int getBalance() {
return balance;
}

public synchronized void setBalance(int balance) {
this.balance = balance;
}
}

class DollarAmount {
private final int value;

public DollarAmount(int value) {
this.value = value;
}

public int getValue() {
return value;
}
}

class DynamicOrderDeadlock {
public static void transferMoney(Account fromAcct, Account toAcct, DollarAmount amount)
throws InsufficientFundsException {
Account first = fromAcct;
Account second = toAcct;
if (System.identityHashCode(first) > System.identityHashCode(second)) {
first = toAcct;
second = fromAcct;
}

synchronized (first) {
synchronized (second) {
if (fromAcct.getBalance() < amount.getValue())
throw new InsufficientFundsException();
fromAcct.setBalance(fromAcct.getBalance() - amount.getValue());
toAcct.setBalance(toAcct.getBalance() + amount.getValue());
}
}
}

public static class InsufficientFundsException extends Exception {}
}",3
Reducing lock duration.,"import java.util.HashMap;
import java.util.Map;

public class LLMC {
private final Map<String, String> attributes = new HashMap<>();

public void setAttribute(String key, String value) {
synchronized (this) {
attributes.put(key, value);
}
}

public String getAttribute(String key) {
synchronized (this) {
return attributes.get(key);
}
}

public boolean userLocationMatches(String name, String regexp) {
String key = ""users."" + name + "".location"";
String location = getAttribute(key);
if (location == null) {
return false;
}
return location.matches(regexp);
}

public static void main(String[] args) throws InterruptedException {
final LLMC store = new LLMC();

store.setAttribute(""users.bob.location"", ""New York"");
store.setAttribute(""users.alice.location"", ""Los Angeles"");
store.setAttribute(""users.charlie.location"", ""San Francisco"");

Runnable task1 = () -> {
System.out.println(Thread.currentThread().getName() + "": Bob in New York? "" +
store.userLocationMatches(""bob"", ""New York""));
};
Runnable task2 = () -> {
System.out.println(Thread.currentThread().getName() + "": Alice in Los Angeles? "" +
store.userLocationMatches(""alice"", ""Los Angeles""));
};
Runnable task3 = () -> {
System.out.println(Thread.currentThread().getName() + "": Alice in San Francisco? "" +
store.userLocationMatches(""alice"", ""San Francisco""));
};
Runnable task4 = () -> {
System.out.println(Thread.currentThread().getName() + "": Unknown user? "" +
store.userLocationMatches(""dave"", "".*""));
};

Thread t1 = new Thread(task1, ""Thread-1"");
Thread t2 = new Thread(task2, ""Thread-2"");
Thread t3 = new Thread(task3, ""Thread-3"");
Thread t4 = new Thread(task4, ""Thread-4"");

t1.start();
t2.start();
t3.start();
t4.start();

t1.join();
t2.join();
t3.join();
t4.join();

System.out.println(""All threads completed."");
}
}",5
Candidate for lock splitting.,"import java.util.HashSet;
import java.util.Set;

public class ServerStatusBeforeSplit {
public final Set<String> users;
public final Set<String> queries;

public ServerStatusBeforeSplit() {
users = new HashSet<>();
queries = new HashSet<>();
}

public synchronized void addUser(String u) {
users.add(u);
}

public synchronized void addQuery(String q) {
queries.add(q);
}

public synchronized void removeUser(String u) {
users.remove(u);
}

public synchronized void removeQuery(String q) {
queries.remove(q);
}

public synchronized Set<String> getActiveUsers() {
return new HashSet<>(users);
}

public synchronized Set<String> getActiveQueries() {
return new HashSet<>(queries);
}

public static void main(String[] args) throws InterruptedException {
ServerStatusBeforeSplit status = new ServerStatusBeforeSplit();

Thread t1 = new Thread(() -> {
status.addUser(""user1"");
status.addQuery(""query1"");
try {
Thread.sleep(500);
} catch (InterruptedException e) {
Thread.currentThread().interrupt();
}
status.removeUser(""user1"");
status.removeQuery(""query1"");
});

Thread t2 = new Thread(() -> {
status.addUser(""user2"");
status.addQuery(""query2"");
try {
Thread.sleep(300);
} catch (InterruptedException e) {
Thread.currentThread().interrupt();
}
status.removeUser(""user2"");
status.removeQuery(""query2"");
});

t1.start();
t2.start();

t1.join();
t2.join();

System.out.println(""Final active users: "" + status.getActiveUsers());
System.out.println(""Final active queries: "" + status.getActiveQueries());
}
}",3
ServerStatus refactored to use split locks.,"import java.util.HashSet;
import java.util.Set;

public class ServerStatusAfterSplit {
public final Set<String> users;
public final Set<String> queries;

public ServerStatusAfterSplit() {
users = new HashSet<>();
queries = new HashSet<>();
}

public void addUser(String u) {
synchronized (users) {
users.add(u);
}
}

public void addQuery(String q) {
synchronized (queries) {
queries.add(q);
}
}

public void removeUser(String u) {
synchronized (users) {
users.remove(u);
}
}

public void removeQuery(String q) {
synchronized (queries) {
queries.remove(q);
}
}

public Set<String> getActiveUsers() {
synchronized (users) {
return new HashSet<>(users);
}
}

public Set<String> getActiveQueries() {
synchronized (queries) {
return new HashSet<>(queries);
}
}

public static void main(String[] args) throws InterruptedException {
ServerStatusAfterSplit status = new ServerStatusAfterSplit();

Thread t1 = new Thread(() -> {
status.addUser(""user1"");
status.addQuery(""query1"");
try {
Thread.sleep(500);
} catch (InterruptedException e) {
Thread.currentThread().interrupt();
}
status.removeUser(""user1"");
status.removeQuery(""query1"");
});

Thread t2 = new Thread(() -> {
status.addUser(""user2"");
status.addQuery(""query2"");
try {
Thread.sleep(300);
} catch (InterruptedException e) {
Thread.currentThread().interrupt();
}
status.removeUser(""user2"");
status.removeQuery(""query2"");
});

t1.start();
t2.start();

t1.join();
t2.join();

System.out.println(""Final active users: "" + status.getActiveUsers());
System.out.println(""Final active queries: "" + status.getActiveQueries());
}
}",3
Barrier-based timer.,"public class BarrierTimer implements Runnable {
private boolean started;
private long startTime, endTime;

public synchronized void run() {
long t = System.nanoTime();
if (!started) {
started = true;
startTime = t;
} else {
endTime = t;
}
}

public synchronized void clear() {
started = false;
}

public synchronized long getTime() {
return endTime - startTime;
}

public synchronized double getMillisTime() {
return getTime() / 1_000_000.0;
}

public static void main(String[] args) throws InterruptedException {
final BarrierTimer timer = new BarrierTimer();

Thread starter = new Thread(() -> {
timer.run();
});

Thread stopper = new Thread(() -> {
try {
Thread.sleep(500);
} catch (InterruptedException e) {
Thread.currentThread().interrupt();
}
timer.run();
});

starter.start();
stopper.start();

starter.join();
stopper.join();

System.out.println(""Elapsed time in nanoseconds: "" + timer.getTime());
System.out.println(""Elapsed time in milliseconds: "" + timer.getMillisTime());

timer.clear();
}
}",3
Nonblocking counter using CAS.,"class SimulatedCAS {
private int value;

public SimulatedCAS(int initialValue) {
this.value = initialValue;
}

public synchronized int get() {
return value;
}

public synchronized int compareAndSwap(int expectedValue, int newValue) {
int oldValue = value;
if (oldValue == expectedValue)
value = newValue;
return oldValue;
}
}

public class CasCounter {
private final SimulatedCAS value;

public CasCounter() {
this.value = new SimulatedCAS(0);
}

public int getValue() {
return value.get();
}

public int increment() {
int v;
do {
v = value.get();
} while (v != value.compareAndSwap(v, v + 1));
return v + 1;
}

public static void main(String[] args) throws InterruptedException {
CasCounter counter = new CasCounter();

final int NUM_THREADS = 2;
final int INCREMENTS_PER_THREAD = 10;

Thread[] threads = new Thread[NUM_THREADS];

for (int i = 0; i < NUM_THREADS; i++) {
threads[i] = new Thread(() -> {
for (int j = 0; j < INCREMENTS_PER_THREAD; j++) {
counter.increment();
}
});
threads[i].start();
}

for (Thread t : threads) {
t.join();
}

System.out.println(""Final counter value: "" + counter.getValue());
System.out.println(""Expected value: "" + (NUM_THREADS * INCREMENTS_PER_THREAD));
}
}",3